{
  "global_avg": 1.6394736842105264,
  "home_adv": 0.19645594712790565,
  "teams": {
    "Burnley": {
      "gf": 1.0789473684210527,
      "ga": 2.0526315789473686,
      "attack": -0.41838904221192086,
      "defense": 0.2247472781238931
    },
    "Arsenal": {
      "gf": 2.3947368421052633,
      "ga": 0.7631578947368421,
      "attack": 0.3788978883541132,
      "defense": -0.7646648954146241
    },
    "Bournemouth": {
      "gf": 1.4210526315789473,
      "ga": 1.763157894736842,
      "attack": -0.1429772854773369,
      "defense": 0.07273115080991685
    },
    "Brighton": {
      "gf": 1.4473684210526316,
      "ga": 1.631578947368421,
      "attack": -0.12462815960374428,
      "defense": -0.004827037796937936
    },
    "Everton": {
      "gf": 1.0526315789473684,
      "ga": 1.3421052631578947,
      "attack": -0.4430816316315824,
      "defense": -0.20013565792298005
    },
    "Sheffield United": {
      "gf": 0.9210526315789473,
      "ga": 2.736842105263158,
      "attack": -0.5766128885419574,
      "defense": 0.5124292287808541
    },
    "Newcastle": {
      "gf": 2.236842105263158,
      "ga": 1.631578947368421,
      "attack": 0.3106896678039728,
      "defense": -0.004827037796937936
    },
    "Brentford": {
      "gf": 1.4736842105263157,
      "ga": 1.7105263157894737,
      "attack": -0.10660966643871987,
      "defense": 0.04242581876578341
    },
    "Chelsea": {
      "gf": 2.026315789473684,
      "ga": 1.6578947368421053,
      "attack": 0.2118438796149883,
      "defense": 0.011173293820886568
    },
    "Man United": {
      "gf": 1.5,
      "ga": 1.5263157894736843,
      "attack": -0.08891010124407275,
      "defense": -0.07151837002644887
    },
    "Nott'm Forest": {
      "gf": 1.2894736842105263,
      "ga": 1.763157894736842,
      "attack": -0.24014096212453742,
      "defense": 0.07273115080991685
    },
    "Fulham": {
      "gf": 1.4473684210526316,
      "ga": 1.605263157894737,
      "attack": -0.12462815960374428,
      "defense": -0.02108754862113045
    },
    "Liverpool": {
      "gf": 2.263157894736842,
      "ga": 1.0789473684210527,
      "attack": 0.3223857023688079,
      "defense": -0.41838904221192086
    },
    "Wolves": {
      "gf": 1.3157894736842106,
      "ga": 1.7105263157894737,
      "attack": -0.21993827031721003,
      "defense": 0.04242581876578341
    },
    "Tottenham": {
      "gf": 1.9473684210526316,
      "ga": 1.605263157894737,
      "attack": 0.172103570972484,
      "defense": -0.02108754862113045
    },
    "Man City": {
      "gf": 2.526315789473684,
      "ga": 0.8947368421052632,
      "attack": 0.4323865515560239,
      "defense": -0.6056003934824717
    },
    "Aston Villa": {
      "gf": 2.0,
      "ga": 1.605263157894737,
      "attack": 0.19877180454113882,
      "defense": -0.02108754862113045
    },
    "West Ham": {
      "gf": 1.5789473684210527,
      "ga": 1.9473684210526316,
      "attack": -0.03761684018983397,
      "defense": 0.172103570972484
    },
    "Crystal Palace": {
      "gf": 1.5,
      "ga": 1.5263157894736843,
      "attack": -0.08891010124407275,
      "defense": -0.07151837002644887
    },
    "Luton": {
      "gf": 1.368421052631579,
      "ga": 2.236842105263158,
      "attack": -0.18071758639467622,
      "defense": 0.3106896678039728
    }
  }
}